date,model_type,arsm2
2013-04-01,edificios_de_oficina,6743.0
2013-04-01,galpon,3621.0
2013-04-01,ph_moderno,6945.0
2013-04-01,torre_de_vivienda,5773.0
2013-04-01,vivienda_country,6873.0
2013-04-01,vivienda_en_altura,6420.0
2013-04-01,vivienda_industrializada,6497.0
2013-04-01,vivienda_tipo_duplex,6576.0
2013-04-01,vivienda_unifamiliar,8114.0
2013-08-01,edificios_de_oficina,7605.0
2013-08-01,galpon,4104.0
2013-08-01,ph_moderno,7880.0
2013-08-01,torre_de_vivienda,6523.0
2013-08-01,vivienda_country,7810.0
2013-08-01,vivienda_en_altura,7301.0
2013-08-01,vivienda_industrializada,7224.0
2013-08-01,vivienda_tipo_duplex,7524.0
2013-08-01,vivienda_unifamiliar,9305.0
2013-12-01,edificios_de_oficina,8130.0
2013-12-01,galpon,4406.0
2013-12-01,ph_moderno,8510.0
2013-12-01,torre_de_vivienda,7001.0
2013-12-01,vivienda_country,8407.0
2013-12-01,vivienda_en_altura,7909.0
2013-12-01,vivienda_industrializada,7748.0
2013-12-01,vivienda_tipo_duplex,8048.0
2013-12-01,vivienda_unifamiliar,9909.0
2013-02-01,edificios_de_oficina,6698.0
2013-02-01,galpon,3577.0
2013-02-01,ph_moderno,6893.0
2013-02-01,torre_de_vivienda,5738.0
2013-02-01,vivienda_country,6835.0
2013-02-01,vivienda_en_altura,6380.0
2013-02-01,vivienda_industrializada,6465.0
2013-02-01,vivienda_tipo_duplex,6492.0
2013-02-01,vivienda_unifamiliar,7950.0
2013-01-01,edificios_de_oficina,6639.0
2013-01-01,galpon,3545.0
2013-01-01,ph_moderno,6776.0
2013-01-01,torre_de_vivienda,5658.0
2013-01-01,vivienda_country,6694.0
2013-01-01,vivienda_en_altura,6277.0
2013-01-01,vivienda_industrializada,6359.0
2013-01-01,vivienda_tipo_duplex,6384.0
2013-01-01,vivienda_unifamiliar,7849.0
2014-01-01,edificios_de_oficina,8278.0
2014-01-01,galpon,4482.0
2014-01-01,ph_moderno,8705.0
2014-01-01,torre_de_vivienda,7146.0
2014-01-01,vivienda_country,8597.0
2014-01-01,vivienda_en_altura,8089.0
2014-01-01,vivienda_industrializada,7919.0
2014-01-01,vivienda_tipo_duplex,8212.0
2014-01-01,vivienda_unifamiliar,10082.0
2013-07-01,edificios_de_oficina,7558.0
2013-07-01,galpon,4060.0
2013-07-01,ph_moderno,7772.0
2013-07-01,torre_de_vivienda,6478.0
2013-07-01,vivienda_country,7665.0
2013-07-01,vivienda_en_altura,7221.0
2013-07-01,vivienda_industrializada,7099.0
2013-07-01,vivienda_tipo_duplex,7402.0
2013-07-01,vivienda_unifamiliar,9085.0
2013-06-01,edificios_de_oficina,7443.0
2013-06-01,galpon,4004.0
2013-06-01,ph_moderno,7676.0
2013-06-01,torre_de_vivienda,6388.0
2013-06-01,vivienda_country,7605.0
2013-06-01,vivienda_en_altura,7130.0
2013-06-01,vivienda_industrializada,7034.0
2013-06-01,vivienda_tipo_duplex,7274.0
2013-06-01,vivienda_unifamiliar,8956.0
2013-03-01,edificios_de_oficina,6732.0
2013-03-01,galpon,3593.0
2013-03-01,ph_moderno,6933.0
2013-03-01,torre_de_vivienda,5762.0
2013-03-01,vivienda_country,6855.0
2013-03-01,vivienda_en_altura,6407.0
2013-03-01,vivienda_industrializada,6483.0
2013-03-01,vivienda_tipo_duplex,6511.0
2013-03-01,vivienda_unifamiliar,8032.0
2013-05-01,edificios_de_oficina,6804.0
2013-05-01,galpon,3631.0
2013-05-01,ph_moderno,7000.0
2013-05-01,torre_de_vivienda,5824.0
2013-05-01,vivienda_country,6922.0
2013-05-01,vivienda_en_altura,6500.0
2013-05-01,vivienda_industrializada,6521.0
2013-05-01,vivienda_tipo_duplex,6635.0
2013-05-01,vivienda_unifamiliar,8168.0
2013-11-01,edificios_de_oficina,8094.0
2013-11-01,galpon,4368.0
2013-11-01,ph_moderno,8400.0
2013-11-01,torre_de_vivienda,6953.0
2013-11-01,vivienda_country,8354.0
2013-11-01,vivienda_en_altura,7793.0
2013-11-01,vivienda_industrializada,7644.0
2013-11-01,vivienda_tipo_duplex,8000.0
2013-11-01,vivienda_unifamiliar,9865.0
2013-10-01,edificios_de_oficina,8025.0
2013-10-01,galpon,4342.0
2013-10-01,ph_moderno,8328.0
2013-10-01,torre_de_vivienda,6872.0
2013-10-01,vivienda_country,8287.0
2013-10-01,vivienda_en_altura,7722.0
2013-10-01,vivienda_industrializada,7595.0
2013-10-01,vivienda_tipo_duplex,7938.0
2013-10-01,vivienda_unifamiliar,9827.0
2013-09-01,edificios_de_oficina,7865.0
2013-09-01,galpon,4271.0
2013-09-01,ph_moderno,8205.0
2013-09-01,torre_de_vivienda,6759.0
2013-09-01,vivienda_country,8183.0
2013-09-01,vivienda_en_altura,7577.0
2013-09-01,vivienda_industrializada,7496.0
2013-09-01,vivienda_tipo_duplex,7849.0
2013-09-01,vivienda_unifamiliar,9727.0
2020-04-01,edificios_de_oficina,63089.0
2020-04-01,galpon,35486.0
2020-04-01,ph_moderno,64760.0
2020-04-01,reforma_casa_chorizo,40419.0
2020-04-01,torre_de_vivienda,55543.0
2020-04-01,vivienda_country,65413.0
2020-04-01,vivienda_en_altura,60624.0
2020-04-01,vivienda_industrializada,67454.0
2020-04-01,vivienda_tipo_duplex,62746.0
2020-04-01,vivienda_unifamiliar,74046.0
2020-08-01,edificios_de_oficina,71231.0
2020-08-01,galpon,38681.0
2020-08-01,ph_moderno,70151.0
2020-08-01,reforma_casa_chorizo,42414.0
2020-08-01,torre_de_vivienda,61166.0
2020-08-01,vivienda_country,72205.0
2020-08-01,vivienda_en_altura,66921.0
2020-08-01,vivienda_industrializada,76725.0
2020-08-01,vivienda_tipo_duplex,67619.0
2020-08-01,vivienda_unifamiliar,79359.0
2020-02-01,edificios_de_oficina,60956.0
2020-02-01,galpon,34254.0
2020-02-01,ph_moderno,62145.0
2020-02-01,reforma_casa_chorizo,38572.0
2020-02-01,torre_de_vivienda,53505.0
2020-02-01,vivienda_country,62510.0
2020-02-01,vivienda_en_altura,58388.0
2020-02-01,vivienda_industrializada,64180.0
2020-02-01,vivienda_tipo_duplex,59311.0
2020-02-01,vivienda_unifamiliar,70313.0
2020-01-01,edificios_de_oficina,59668.0
2020-01-01,galpon,33810.0
2020-01-01,ph_moderno,60575.0
2020-01-01,reforma_casa_chorizo,37668.0
2020-01-01,torre_de_vivienda,52419.0
2020-01-01,vivienda_country,60527.0
2020-01-01,vivienda_en_altura,57045.0
2020-01-01,vivienda_industrializada,61901.0
2020-01-01,vivienda_tipo_duplex,57553.0
2020-01-01,vivienda_unifamiliar,68434.0
2020-07-01,edificios_de_oficina,70426.0
2020-07-01,galpon,38424.0
2020-07-01,ph_moderno,69068.0
2020-07-01,reforma_casa_chorizo,42214.0
2020-07-01,torre_de_vivienda,60225.0
2020-07-01,vivienda_country,70150.0
2020-07-01,vivienda_en_altura,65750.0
2020-07-01,vivienda_industrializada,73983.0
2020-07-01,vivienda_tipo_duplex,66701.0
2020-07-01,vivienda_unifamiliar,78577.0
2020-06-01,edificios_de_oficina,69958.0
2020-06-01,galpon,37380.0
2020-06-01,ph_moderno,68367.0
2020-06-01,reforma_casa_chorizo,41742.0
2020-06-01,torre_de_vivienda,59445.0
2020-06-01,vivienda_country,68845.0
2020-06-01,vivienda_en_altura,65070.0
2020-06-01,vivienda_industrializada,70438.0
2020-06-01,vivienda_tipo_duplex,65986.0
2020-06-01,vivienda_unifamiliar,78056.0
2020-03-01,edificios_de_oficina,62658.0
2020-03-01,galpon,35458.0
2020-03-01,ph_moderno,64409.0
2020-03-01,reforma_casa_chorizo,40211.0
2020-03-01,torre_de_vivienda,55247.0
2020-03-01,vivienda_country,65101.0
2020-03-01,vivienda_en_altura,60377.0
2020-03-01,vivienda_industrializada,66411.0
2020-03-01,vivienda_tipo_duplex,62233.0
2020-03-01,vivienda_unifamiliar,73738.0
2020-05-01,edificios_de_oficina,66169.0
2020-05-01,galpon,37111.0
2020-05-01,ph_moderno,67942.0
2020-05-01,reforma_casa_chorizo,41548.0
2020-05-01,torre_de_vivienda,59143.0
2020-05-01,vivienda_country,68341.0
2020-05-01,vivienda_en_altura,64757.0
2020-05-01,vivienda_industrializada,69882.0
2020-05-01,vivienda_tipo_duplex,65654.0
2020-05-01,vivienda_unifamiliar,77726.0
2020-09-01,edificios_de_oficina,72531.0
2020-09-01,galpon,39106.0
2020-09-01,ph_moderno,71266.0
2020-09-01,reforma_casa_chorizo,43023.0
2020-09-01,torre_de_vivienda,62572.0
2020-09-01,vivienda_country,73000.0
2020-09-01,vivienda_en_altura,67887.0
2020-09-01,vivienda_industrializada,77128.0
2020-09-01,vivienda_tipo_duplex,68614.0
2020-09-01,vivienda_unifamiliar,80324.0
2014-04-01,edificios_de_oficina,8665.0
2014-04-01,galpon,4651.0
2014-04-01,ph_moderno,9147.0
2014-04-01,torre_de_vivienda,7526.0
2014-04-01,vivienda_country,8990.0
2014-04-01,vivienda_en_altura,8504.0
2014-04-01,vivienda_industrializada,8634.0
2014-04-01,vivienda_tipo_duplex,8656.0
2014-04-01,vivienda_unifamiliar,10580.0
2014-08-01,edificios_de_oficina,10401.0
2014-08-01,galpon,5678.0
2014-08-01,ph_moderno,11033.0
2014-08-01,torre_de_vivienda,8887.0
2014-08-01,vivienda_country,11256.0
2014-08-01,vivienda_en_altura,10245.0
2014-08-01,vivienda_industrializada,10395.0
2014-08-01,vivienda_tipo_duplex,10708.0
2014-08-01,vivienda_unifamiliar,13187.0
2013-12-01,edificios_de_oficina,8130.0
2013-12-01,galpon,4406.0
2013-12-01,ph_moderno,8510.0
2013-12-01,torre_de_vivienda,7001.0
2013-12-01,vivienda_country,8407.0
2013-12-01,vivienda_en_altura,7909.0
2013-12-01,vivienda_industrializada,7748.0
2013-12-01,vivienda_tipo_duplex,8048.0
2013-12-01,vivienda_unifamiliar,9909.0
2014-02-01,edificios_de_oficina,8542.0
2014-02-01,galpon,4588.0
2014-02-01,ph_moderno,8971.0
2014-02-01,torre_de_vivienda,7412.0
2014-02-01,vivienda_country,8798.0
2014-02-01,vivienda_en_altura,8362.0
2014-02-01,vivienda_industrializada,8191.0
2014-02-01,vivienda_tipo_duplex,8516.0
2014-02-01,vivienda_unifamiliar,10421.0
2014-01-01,edificios_de_oficina,8278.0
2014-01-01,galpon,4482.0
2014-01-01,ph_moderno,8705.0
2014-01-01,torre_de_vivienda,7146.0
2014-01-01,vivienda_country,8597.0
2014-01-01,vivienda_en_altura,8089.0
2014-01-01,vivienda_industrializada,7919.0
2014-01-01,vivienda_tipo_duplex,8212.0
2014-01-01,vivienda_unifamiliar,10082.0
2014-07-01,edificios_de_oficina,9544.0
2014-07-01,galpon,5301.0
2014-07-01,ph_moderno,10256.0
2014-07-01,torre_de_vivienda,8491.0
2014-07-01,vivienda_country,10034.0
2014-07-01,vivienda_en_altura,9635.0
2014-07-01,vivienda_industrializada,9636.0
2014-07-01,vivienda_tipo_duplex,9782.0
2014-07-01,vivienda_unifamiliar,11758.0
2014-06-01,edificios_de_oficina,9544.0
2014-06-01,galpon,5187.0
2014-06-01,ph_moderno,10041.0
2014-06-01,torre_de_vivienda,8330.0
2014-06-01,vivienda_country,9856.0
2014-06-01,vivienda_en_altura,9407.0
2014-06-01,vivienda_industrializada,9355.0
2014-06-01,vivienda_tipo_duplex,9473.0
2014-06-01,vivienda_unifamiliar,11644.0
2014-03-01,edificios_de_oficina,8610.0
2014-03-01,galpon,4611.0
2014-03-01,ph_moderno,9056.0
2014-03-01,torre_de_vivienda,7463.0
2014-03-01,vivienda_country,8917.0
2014-03-01,vivienda_en_altura,8435.0
2014-03-01,vivienda_industrializada,8501.0
2014-03-01,vivienda_tipo_duplex,8592.0
2014-03-01,vivienda_unifamiliar,10495.0
2014-05-01,edificios_de_oficina,9390.0
2014-05-01,galpon,5113.0
2014-05-01,ph_moderno,9946.0
2014-05-01,torre_de_vivienda,8201.0
2014-05-01,vivienda_country,9791.0
2014-05-01,vivienda_en_altura,9230.0
2014-05-01,vivienda_industrializada,9290.0
2014-05-01,vivienda_tipo_duplex,9426.0
2014-05-01,vivienda_unifamiliar,11516.0
2013-11-01,edificios_de_oficina,8094.0
2013-11-01,galpon,4368.0
2013-11-01,ph_moderno,8400.0
2013-11-01,torre_de_vivienda,6953.0
2013-11-01,vivienda_country,8354.0
2013-11-01,vivienda_en_altura,7793.0
2013-11-01,vivienda_industrializada,7644.0
2013-11-01,vivienda_tipo_duplex,8000.0
2013-11-01,vivienda_unifamiliar,9865.0
2013-10-01,edificios_de_oficina,8025.0
2013-10-01,galpon,4342.0
2013-10-01,ph_moderno,8328.0
2013-10-01,torre_de_vivienda,6872.0
2013-10-01,vivienda_country,8287.0
2013-10-01,vivienda_en_altura,7722.0
2013-10-01,vivienda_industrializada,7595.0
2013-10-01,vivienda_tipo_duplex,7938.0
2013-10-01,vivienda_unifamiliar,9827.0
2014-10-01,edificios_de_oficina,10698.0
2014-10-01,galpon,5801.0
2014-10-01,ph_moderno,11344.0
2014-10-01,torre_de_vivienda,9131.0
2014-10-01,vivienda_country,11686.0
2014-10-01,vivienda_en_altura,10548.0
2014-10-01,vivienda_industrializada,10756.0
2014-10-01,vivienda_tipo_duplex,11048.0
2014-10-01,vivienda_unifamiliar,13563.0
2014-09-01,edificios_de_oficina,10466.0
2014-09-01,galpon,5706.0
2014-09-01,ph_moderno,11084.0
2014-09-01,torre_de_vivienda,8928.0
2014-09-01,vivienda_country,11307.0
2014-09-01,vivienda_en_altura,10312.0
2014-09-01,vivienda_industrializada,10443.0
2014-09-01,vivienda_tipo_duplex,10770.0
2014-09-01,vivienda_unifamiliar,13256.0
2015-04-01,edificios_de_oficina,11490.0
2015-04-01,galpon,6086.0
2015-04-01,ph_moderno,11917.0
2015-04-01,torre_de_vivienda,9624.0
2015-04-01,vivienda_country,12125.0
2015-04-01,vivienda_en_altura,11219.0
2015-04-01,vivienda_industrializada,11955.0
2015-04-01,vivienda_tipo_duplex,11490.0
2015-04-01,vivienda_unifamiliar,14057.0
2014-12-01,edificios_de_oficina,10986.0
2014-12-01,galpon,5892.0
2014-12-01,ph_moderno,11508.0
2014-12-01,torre_de_vivienda,9280.0
2014-12-01,vivienda_country,11804.0
2014-12-01,vivienda_en_altura,10776.0
2014-12-01,vivienda_industrializada,11936.0
2014-12-01,vivienda_tipo_duplex,11187.0
2014-12-01,vivienda_unifamiliar,13673.0
2015-02-01,edificios_de_oficina,11300.0
2015-02-01,galpon,5983.0
2015-02-01,ph_moderno,11687.0
2015-02-01,torre_de_vivienda,9433.0
2015-02-01,vivienda_country,11990.0
2015-02-01,vivienda_en_altura,11010.0
2015-02-01,vivienda_industrializada,11419.0
2015-02-01,vivienda_tipo_duplex,11342.0
2015-02-01,vivienda_unifamiliar,13775.0
2015-01-01,edificios_de_oficina,11138.0
2015-01-01,galpon,5939.0
2015-01-01,ph_moderno,11575.0
2015-01-01,torre_de_vivienda,9355.0
2015-01-01,vivienda_country,11882.0
2015-01-01,vivienda_en_altura,10867.0
2015-01-01,vivienda_industrializada,11285.0
2015-01-01,vivienda_tipo_duplex,11259.0
2015-01-01,vivienda_unifamiliar,13775.0
2015-07-01,edificios_de_oficina,13775.0
2015-07-01,galpon,7463.0
2015-07-01,ph_moderno,14493.0
2015-07-01,torre_de_vivienda,11843.0
2015-07-01,vivienda_country,14826.0
2015-07-01,vivienda_en_altura,13512.0
2015-07-01,vivienda_industrializada,14359.0
2015-07-01,vivienda_tipo_duplex,14067.0
2015-07-01,vivienda_unifamiliar,17241.0
2015-06-01,edificios_de_oficina,12601.0
2015-06-01,galpon,6641.0
2015-06-01,ph_moderno,12928.0
2015-06-01,torre_de_vivienda,10570.0
2015-06-01,vivienda_country,13133.0
2015-06-01,vivienda_en_altura,12204.0
2015-06-01,vivienda_industrializada,12917.0
2015-06-01,vivienda_tipo_duplex,12625.0
2015-06-01,vivienda_unifamiliar,15250.0
2015-03-01,edificios_de_oficina,11457.0
2015-03-01,galpon,6041.0
2015-03-01,ph_moderno,11874.0
2015-03-01,torre_de_vivienda,9588.0
2015-03-01,vivienda_country,12081.0
2015-03-01,vivienda_en_altura,11181.0
2015-03-01,vivienda_industrializada,11498.0
2015-03-01,vivienda_tipo_duplex,11445.0
2015-03-01,vivienda_unifamiliar,14014.0
2015-05-01,edificios_de_oficina,11598.0
2015-05-01,galpon,6101.0
2015-05-01,ph_moderno,11953.0
2015-05-01,torre_de_vivienda,9807.0
2015-05-01,vivienda_country,12236.0
2015-05-01,vivienda_en_altura,11245.0
2015-05-01,vivienda_industrializada,12042.0
2015-05-01,vivienda_tipo_duplex,11547.0
2015-05-01,vivienda_unifamiliar,14109.0
2014-11-01,edificios_de_oficina,10911.0
2014-11-01,galpon,5866.0
2014-11-01,ph_moderno,11468.0
2014-11-01,torre_de_vivienda,9214.0
2014-11-01,vivienda_country,11763.0
2014-11-01,vivienda_en_altura,10710.0
2014-11-01,vivienda_industrializada,10846.0
2014-11-01,vivienda_tipo_duplex,11153.0
2014-11-01,vivienda_unifamiliar,13642.0
2016-04-01,edificios_de_oficina,15910.0
2016-04-01,galpon,8638.0
2016-04-01,ph_moderno,16634.0
2016-04-01,torre_de_vivienda,13639.0
2016-04-01,vivienda_country,16878.0
2016-04-01,vivienda_en_altura,15530.0
2016-04-01,vivienda_industrializada,17353.0
2016-04-01,vivienda_tipo_duplex,16047.0
2016-04-01,vivienda_unifamiliar,
2015-08-01,edificios_de_oficina,14011.0
2015-08-01,galpon,7523.0
2015-08-01,ph_moderno,14661.0
2015-08-01,torre_de_vivienda,11980.0
2015-08-01,vivienda_country,14997.0
2015-08-01,vivienda_en_altura,13665.0
2015-08-01,vivienda_industrializada,14360.0
2015-08-01,vivienda_tipo_duplex,14252.0
2015-08-01,vivienda_unifamiliar,17263.0
2015-12-01,edificios_de_oficina,15053.0
2015-12-01,galpon,8147.0
2015-12-01,ph_moderno,15800.0
2015-12-01,torre_de_vivienda,12916.0
2015-12-01,vivienda_country,16059.0
2015-12-01,vivienda_en_altura,14745.0
2015-12-01,vivienda_industrializada,16103.0
2015-12-01,vivienda_tipo_duplex,15298.0
2015-12-01,vivienda_unifamiliar,18488.0
2016-02-01,edificios_de_oficina,15502.0
2016-02-01,galpon,8440.0
2016-02-01,ph_moderno,16258.0
2016-02-01,torre_de_vivienda,13275.0
2016-02-01,vivienda_country,16488.0
2016-02-01,vivienda_en_altura,15163.0
2016-02-01,vivienda_industrializada,16655.0
2016-02-01,vivienda_tipo_duplex,15727.0
2016-02-01,vivienda_unifamiliar,19275.0
2016-01-01,edificios_de_oficina,15418.0
2016-01-01,galpon,8363.0
2016-01-01,ph_moderno,16120.0
2016-01-01,torre_de_vivienda,13165.0
2016-01-01,vivienda_country,16353.0
2016-01-01,vivienda_en_altura,15038.0
2016-01-01,vivienda_industrializada,16526.0
2016-01-01,vivienda_tipo_duplex,15589.0
2016-01-01,vivienda_unifamiliar,18753.0
2016-03-01,edificios_de_oficina,15794.0
2016-03-01,galpon,8507.0
2016-03-01,ph_moderno,16527.0
2016-03-01,torre_de_vivienda,13549.0
2016-03-01,vivienda_country,16470.0
2016-03-01,vivienda_en_altura,15453.0
2016-03-01,vivienda_industrializada,16881.0
2016-03-01,vivienda_tipo_duplex,15948.0
2016-03-01,vivienda_unifamiliar,19368.0
2015-11-01,edificios_de_oficina,14287.0
2015-11-01,galpon,7689.0
2015-11-01,ph_moderno,14878.0
2015-11-01,torre_de_vivienda,12179.0
2015-11-01,vivienda_country,15169.0
2015-11-01,vivienda_en_altura,13909.0
2015-11-01,vivienda_industrializada,15360.0
2015-11-01,vivienda_tipo_duplex,14407.0
2015-11-01,vivienda_unifamiliar,17420.0
2015-10-01,edificios_de_oficina,14252.0
2015-10-01,galpon,7680.0
2015-10-01,ph_moderno,14856.0
2015-10-01,torre_de_vivienda,12154.0
2015-10-01,vivienda_country,15151.0
2015-10-01,vivienda_en_altura,13886.0
2015-10-01,vivienda_industrializada,15343.0
2015-10-01,vivienda_tipo_duplex,14394.0
2015-10-01,vivienda_unifamiliar,17410.0
2015-09-01,edificios_de_oficina,14097.0
2015-09-01,galpon,7568.0
2015-09-01,ph_moderno,14733.0
2015-09-01,torre_de_vivienda,12057.0
2015-09-01,vivienda_country,15047.0
2015-09-01,vivienda_en_altura,13750.0
2015-09-01,vivienda_industrializada,14513.0
2015-09-01,vivienda_tipo_duplex,14261.0
2015-09-01,vivienda_unifamiliar,17302.0
2016-04-01,edificios_de_oficina,15910.0
2016-04-01,galpon,8638.0
2016-04-01,ph_moderno,16634.0
2016-04-01,reforma_casa_chorizo,10559.0
2016-04-01,torre_de_vivienda,13639.0
2016-04-01,vivienda_country,16878.0
2016-04-01,vivienda_en_altura,15530.0
2016-04-01,vivienda_industrializada,17353.0
2016-04-01,vivienda_tipo_duplex,16047.0
2016-04-01,vivienda_unifamiliar,19368.0
2016-08-01,edificios_de_oficina,18050.0
2016-08-01,galpon,9779.0
2016-08-01,ph_moderno,18832.0
2016-08-01,reforma_casa_chorizo,12229.0
2016-08-01,torre_de_vivienda,15528.0
2016-08-01,vivienda_country,19256.0
2016-08-01,vivienda_en_altura,17612.0
2016-08-01,vivienda_industrializada,19305.0
2016-08-01,vivienda_tipo_duplex,18188.0
2016-08-01,vivienda_unifamiliar,21960.0
2016-12-01,edificios_de_oficina,20264.0
2016-12-01,galpon,11225.0
2016-12-01,ph_moderno,21566.0
2016-12-01,reforma_casa_chorizo,14442.0
2016-12-01,torre_de_vivienda,17479.0
2016-12-01,vivienda_country,22257.0
2016-12-01,vivienda_en_altura,19918.0
2016-12-01,vivienda_industrializada,22016.0
2016-12-01,vivienda_tipo_duplex,20955.0
2016-12-01,vivienda_unifamiliar,25652.0
2016-07-01,edificios_de_oficina,17801.0
2016-07-01,galpon,9704.0
2016-07-01,ph_moderno,18632.0
2016-07-01,reforma_casa_chorizo,12131.0
2016-07-01,torre_de_vivienda,15355.0
2016-07-01,vivienda_country,18974.0
2016-07-01,vivienda_en_altura,17370.0
2016-07-01,vivienda_industrializada,19073.0
2016-07-01,vivienda_tipo_duplex,17986.0
2016-07-01,vivienda_unifamiliar,21724.0
2016-06-01,edificios_de_oficina,17726.0
2016-06-01,galpon,9664.0
2016-06-01,ph_moderno,18570.0
2016-06-01,reforma_casa_chorizo,12102.0
2016-06-01,torre_de_vivienda,15270.0
2016-06-01,vivienda_country,18869.0
2016-06-01,vivienda_en_altura,17301.0
2016-06-01,vivienda_industrializada,18988.0
2016-06-01,vivienda_tipo_duplex,17921.0
2016-06-01,vivienda_unifamiliar,21584.0
2016-05-01,edificios_de_oficina,17624.0
2016-05-01,galpon,9621.0
2016-05-01,ph_moderno,18395.0
2016-05-01,reforma_casa_chorizo,12028.0
2016-05-01,torre_de_vivienda,15186.0
2016-05-01,vivienda_country,18752.0
2016-05-01,vivienda_en_altura,17169.0
2016-05-01,vivienda_industrializada,18801.0
2016-05-01,vivienda_tipo_duplex,17765.0
2016-05-01,vivienda_unifamiliar,21311.0
2016-11-01,edificios_de_oficina,18264.0
2016-11-01,galpon,9935.0
2016-11-01,ph_moderno,19091.0
2016-11-01,reforma_casa_chorizo,12353.0
2016-11-01,torre_de_vivienda,15784.0
2016-11-01,vivienda_country,19416.0
2016-11-01,vivienda_en_altura,17827.0
2016-11-01,vivienda_industrializada,19538.0
2016-11-01,vivienda_tipo_duplex,18374.0
2016-11-01,vivienda_unifamiliar,22326.0
2016-10-01,edificios_de_oficina,18127.0
2016-10-01,galpon,9838.0
2016-10-01,ph_moderno,18983.0
2016-10-01,reforma_casa_chorizo,12339.0
2016-10-01,torre_de_vivienda,15711.0
2016-10-01,vivienda_country,19395.0
2016-10-01,vivienda_en_altura,17750.0
2016-10-01,vivienda_industrializada,19408.0
2016-10-01,vivienda_tipo_duplex,18308.0
2016-10-01,vivienda_unifamiliar,22142.0
2016-09-01,edificios_de_oficina,18078.0
2016-09-01,galpon,9803.0
2016-09-01,ph_moderno,18920.0
2016-09-01,reforma_casa_chorizo,12229.0
2016-09-01,torre_de_vivienda,15650.0
2016-09-01,vivienda_country,19322.0
2016-09-01,vivienda_en_altura,17679.0
2016-09-01,vivienda_industrializada,19358.0
2016-09-01,vivienda_tipo_duplex,18252.0
2016-09-01,vivienda_unifamiliar,22020.0
2017-04-01,edificios_de_oficina,21155.0
2017-04-01,galpon,11533.0
2017-04-01,ph_moderno,22435.0
2017-04-01,reforma_casa_chorizo,14572.0
2017-04-01,torre_de_vivienda,18424.0
2017-04-01,vivienda_country,22986.0
2017-04-01,vivienda_en_altura,20946.0
2017-04-01,vivienda_industrializada,22791.0
2017-04-01,vivienda_tipo_duplex,21776.0
2017-04-01,vivienda_unifamiliar,26484.0
2017-08-01,edificios_de_oficina,23657.0
2017-08-01,galpon,12602.0
2017-08-01,ph_moderno,24545.0
2017-08-01,reforma_casa_chorizo,15972.0
2017-08-01,torre_de_vivienda,20168.0
2017-08-01,vivienda_country,24848.0
2017-08-01,vivienda_en_altura,22737.0
2017-08-01,vivienda_industrializada,24281.0
2017-08-01,vivienda_tipo_duplex,23403.0
2017-08-01,vivienda_unifamiliar,28517.0
2017-02-01,edificios_de_oficina,20773.0
2017-02-01,galpon,11372.0
2017-02-01,ph_moderno,22047.0
2017-02-01,reforma_casa_chorizo,14390.0
2017-02-01,torre_de_vivienda,18055.0
2017-02-01,vivienda_country,22560.0
2017-02-01,vivienda_en_altura,20513.0
2017-02-01,vivienda_industrializada,22260.0
2017-02-01,vivienda_tipo_duplex,21421.0
2017-02-01,vivienda_unifamiliar,26121.0
2017-01-01,edificios_de_oficina,20759.0
2017-01-01,galpon,11369.0
2017-01-01,ph_moderno,22022.0
2017-01-01,reforma_casa_chorizo,14390.0
2017-01-01,torre_de_vivienda,18036.0
2017-01-01,vivienda_country,22548.0
2017-01-01,vivienda_en_altura,20477.0
2017-01-01,vivienda_industrializada,22255.0
2017-01-01,vivienda_tipo_duplex,21397.0
2017-01-01,vivienda_unifamiliar,26109.0
2017-07-01,edificios_de_oficina,23483.0
2017-07-01,galpon,12580.0
2017-07-01,ph_moderno,24442.0
2017-07-01,reforma_casa_chorizo,15916.0
2017-07-01,torre_de_vivienda,20047.0
2017-07-01,vivienda_country,24656.0
2017-07-01,vivienda_en_altura,22585.0
2017-07-01,vivienda_industrializada,24215.0
2017-07-01,vivienda_tipo_duplex,23354.0
2017-07-01,vivienda_unifamiliar,28452.0
2017-06-01,edificios_de_oficina,23424.0
2017-06-01,galpon,12558.0
2017-06-01,ph_moderno,24398.0
2017-06-01,reforma_casa_chorizo,15821.0
2017-06-01,torre_de_vivienda,19996.0
2017-06-01,vivienda_country,24606.0
2017-06-01,vivienda_en_altura,22493.0
2017-06-01,vivienda_industrializada,24160.0
2017-06-01,vivienda_tipo_duplex,23277.0
2017-06-01,vivienda_unifamiliar,28384.0
2017-03-01,edificios_de_oficina,21099.0
2017-03-01,galpon,11483.0
2017-03-01,ph_moderno,22328.0
2017-03-01,reforma_casa_chorizo,14517.0
2017-03-01,torre_de_vivienda,18349.0
2017-03-01,vivienda_country,22868.0
2017-03-01,vivienda_en_altura,20852.0
2017-03-01,vivienda_industrializada,22689.0
2017-03-01,vivienda_tipo_duplex,21677.0
2017-03-01,vivienda_unifamiliar,26404.0
2017-05-01,edificios_de_oficina,23176.0
2017-05-01,galpon,12388.0
2017-05-01,ph_moderno,24276.0
2017-05-01,reforma_casa_chorizo,15784.0
2017-05-01,torre_de_vivienda,19901.0
2017-05-01,vivienda_country,24475.0
2017-05-01,vivienda_en_altura,22368.0
2017-05-01,vivienda_industrializada,23922.0
2017-05-01,vivienda_tipo_duplex,23146.0
2017-05-01,vivienda_unifamiliar,28167.0
2017-09-01,edificios_de_oficina,24921.0
2017-09-01,galpon,13412.0
2017-09-01,ph_moderno,26031.0
2017-09-01,reforma_casa_chorizo,17083.0
2017-09-01,torre_de_vivienda,21321.0
2017-09-01,vivienda_country,26331.0
2017-09-01,vivienda_en_altura,24034.0
2017-09-01,vivienda_industrializada,25507.0
2017-09-01,vivienda_tipo_duplex,24878.0
2017-09-01,vivienda_unifamiliar,30342.0
2018-04-01,edificios_de_oficina,26405.0
2018-04-01,galpon,14123.0
2018-04-01,ph_moderno,27313.0
2018-04-01,reforma_casa_chorizo,17734.0
2018-04-01,torre_de_vivienda,22488.0
2018-04-01,vivienda_country,27550.0
2018-04-01,vivienda_en_altura,25234.0
2018-04-01,vivienda_industrializada,27195.0
2018-04-01,vivienda_tipo_duplex,26122.0
2018-04-01,vivienda_unifamiliar,31772.0
2017-12-01,edificios_de_oficina,25200.0
2017-12-01,galpon,13685.0
2017-12-01,ph_moderno,26277.0
2017-12-01,reforma_casa_chorizo,17209.0
2017-12-01,torre_de_vivienda,21541.0
2017-12-01,vivienda_country,26685.0
2017-12-01,vivienda_en_altura,24246.0
2017-12-01,vivienda_industrializada,25965.0
2017-12-01,vivienda_tipo_duplex,25063.0
2017-12-01,vivienda_unifamiliar,30587.0
2018-02-01,edificios_de_oficina,25432.0
2018-02-01,galpon,13908.0
2018-02-01,ph_moderno,26585.0
2018-02-01,reforma_casa_chorizo,17378.0
2018-02-01,torre_de_vivienda,21831.0
2018-02-01,vivienda_country,26931.0
2018-02-01,vivienda_en_altura,24582.0
2018-02-01,vivienda_industrializada,26535.0
2018-02-01,vivienda_tipo_duplex,25427.0
2018-02-01,vivienda_unifamiliar,30973.0
2018-01-01,edificios_de_oficina,25329.0
2018-01-01,galpon,13779.0
2018-01-01,ph_moderno,26453.0
2018-01-01,reforma_casa_chorizo,17308.0
2018-01-01,torre_de_vivienda,21713.0
2018-01-01,vivienda_country,26813.0
2018-01-01,vivienda_en_altura,24439.0
2018-01-01,vivienda_industrializada,26089.0
2018-01-01,vivienda_tipo_duplex,25216.0
2018-01-01,vivienda_unifamiliar,30694.0
2018-06-01,edificios_de_oficina,29482.0
2018-06-01,galpon,15524.0
2018-06-01,ph_moderno,29876.0
2018-06-01,reforma_casa_chorizo,18969.0
2018-06-01,torre_de_vivienda,25333.0
2018-06-01,vivienda_country,29313.0
2018-06-01,vivienda_en_altura,27824.0
2018-06-01,vivienda_industrializada,29133.0
2018-06-01,vivienda_tipo_duplex,27854.0
2018-06-01,vivienda_unifamiliar,33907.0
2018-03-01,edificios_de_oficina,25888.0
2018-03-01,galpon,14011.0
2018-03-01,ph_moderno,27012.0
2018-03-01,reforma_casa_chorizo,17621.0
2018-03-01,torre_de_vivienda,22238.0
2018-03-01,vivienda_country,27238.0
2018-03-01,vivienda_en_altura,24959.0
2018-03-01,vivienda_industrializada,26887.0
2018-03-01,vivienda_tipo_duplex,25893.0
2018-03-01,vivienda_unifamiliar,31556.0
2018-05-01,edificios_de_oficina,28504.0
2018-05-01,galpon,15158.0
2018-05-01,ph_moderno,29196.0
2018-05-01,reforma_casa_chorizo,18588.0
2018-05-01,torre_de_vivienda,24484.0
2018-05-01,vivienda_country,28713.0
2018-05-01,vivienda_en_altura,27167.0
2018-05-01,vivienda_industrializada,28406.0
2018-05-01,vivienda_tipo_duplex,27351.0
2018-05-01,vivienda_unifamiliar,33211.0
2017-11-01,edificios_de_oficina,25127.0
2017-11-01,galpon,13498.0
2017-11-01,ph_moderno,26203.0
2017-11-01,reforma_casa_chorizo,17171.0
2017-11-01,torre_de_vivienda,21481.0
2017-11-01,vivienda_country,26516.0
2017-11-01,vivienda_en_altura,24195.0
2017-11-01,vivienda_industrializada,25765.0
2017-11-01,vivienda_tipo_duplex,25000.0
2017-11-01,vivienda_unifamiliar,30516.0
2017-10-01,edificios_de_oficina,25100.0
2017-10-01,galpon,13481.0
2017-10-01,ph_moderno,26180.0
2017-10-01,reforma_casa_chorizo,17166.0
2017-10-01,torre_de_vivienda,21453.0
2017-10-01,vivienda_country,26497.0
2017-10-01,vivienda_en_altura,24171.0
2017-10-01,vivienda_industrializada,25713.0
2017-10-01,vivienda_tipo_duplex,24988.0
2017-10-01,vivienda_unifamiliar,30500.0
2018-08-01,edificios_de_oficina,30326.0
2018-08-01,galpon,15734.0
2018-08-01,ph_moderno,30505.0
2018-08-01,reforma_casa_chorizo,19291.0
2018-08-01,torre_de_vivienda,25979.0
2018-08-01,vivienda_country,30119.0
2018-08-01,vivienda_en_altura,28527.0
2018-08-01,vivienda_industrializada,30165.0
2018-08-01,vivienda_tipo_duplex,28720.0
2018-08-01,vivienda_unifamiliar,35498.0
2018-12-01,edificios_de_oficina,35459.0
2018-12-01,galpon,18583.0
2018-12-01,ph_moderno,35209.0
2018-12-01,reforma_casa_chorizo,22527.0
2018-12-01,torre_de_vivienda,30774.0
2018-12-01,vivienda_country,34320.0
2018-12-01,vivienda_en_altura,32926.0
2018-12-01,vivienda_industrializada,36083.0
2018-12-01,vivienda_tipo_duplex,32502.0
2018-12-01,vivienda_unifamiliar,39473.0
2019-02-01,edificios_de_oficina,36338.0
2019-02-01,galpon,19282.0
2019-02-01,ph_moderno,36229.0
2019-02-01,reforma_casa_chorizo,23008.0
2019-02-01,torre_de_vivienda,31664.0
2019-02-01,vivienda_country,35637.0
2019-02-01,vivienda_en_altura,33865.0
2019-02-01,vivienda_industrializada,37316.0
2019-02-01,vivienda_tipo_duplex,33981.0
2019-02-01,vivienda_unifamiliar,41018.0
2019-01-01,edificios_de_oficina,35853.0
2019-01-01,galpon,19039.0
2019-01-01,ph_moderno,35793.0
2019-01-01,reforma_casa_chorizo,22794.0
2019-01-01,torre_de_vivienda,31177.0
2019-01-01,vivienda_country,34964.0
2019-01-01,vivienda_en_altura,33392.0
2019-01-01,vivienda_industrializada,36793.0
2019-01-01,vivienda_tipo_duplex,33463.0
2019-01-01,vivienda_unifamiliar,40538.0
2018-07-01,edificios_de_oficina,29944.0
2018-07-01,galpon,15635.0
2018-07-01,ph_moderno,30175.0
2018-07-01,reforma_casa_chorizo,19149.0
2018-07-01,torre_de_vivienda,25686.0
2018-07-01,vivienda_country,29389.0
2018-07-01,vivienda_en_altura,28137.0
2018-07-01,vivienda_industrializada,29359.0
2018-07-01,vivienda_tipo_duplex,28003.0
2018-07-01,vivienda_unifamiliar,34058.0
2019-03-01,edificios_de_oficina,37056.0
2019-03-01,galpon,19912.0
2019-03-01,ph_moderno,37420.0
2019-03-01,reforma_casa_chorizo,23367.0
2019-03-01,torre_de_vivienda,32412.0
2019-03-01,vivienda_country,36638.0
2019-03-01,vivienda_en_altura,34620.0
2019-03-01,vivienda_industrializada,40226.0
2019-03-01,vivienda_tipo_duplex,35030.0
2019-03-01,vivienda_unifamiliar,42420.0
2018-11-01,edificios_de_oficina,34316.0
2018-11-01,galpon,18348.0
2018-11-01,ph_moderno,34396.0
2018-11-01,reforma_casa_chorizo,22070.0
2018-11-01,torre_de_vivienda,30358.0
2018-11-01,vivienda_country,33729.0
2018-11-01,vivienda_en_altura,32483.0
2018-11-01,vivienda_industrializada,34570.0
2018-11-01,vivienda_tipo_duplex,32089.0
2018-11-01,vivienda_unifamiliar,38917.0
2018-10-01,edificios_de_oficina,33025.0
2018-10-01,galpon,17528.0
2018-10-01,ph_moderno,32972.0
2018-10-01,reforma_casa_chorizo,20753.0
2018-10-01,torre_de_vivienda,28597.0
2018-10-01,vivienda_country,32440.0
2018-10-01,vivienda_en_altura,30848.0
2018-10-01,vivienda_industrializada,33480.0
2018-10-01,vivienda_tipo_duplex,30666.0
2018-10-01,vivienda_unifamiliar,37672.0
2018-09-01,edificios_de_oficina,32047.0
2018-09-01,galpon,17026.0
2018-09-01,ph_moderno,32005.0
2018-09-01,reforma_casa_chorizo,20066.0
2018-09-01,torre_de_vivienda,27729.0
2018-09-01,vivienda_country,31380.0
2018-09-01,vivienda_en_altura,29987.0
2018-09-01,vivienda_industrializada,32613.0
2018-09-01,vivienda_tipo_duplex,29705.0
2018-09-01,vivienda_unifamiliar,36492.0
2019-04-01,edificios_de_oficina,38896.0
2019-04-01,galpon,20342.0
2019-04-01,ph_moderno,38533.0
2019-04-01,reforma_casa_chorizo,23567.0
2019-04-01,torre_de_vivienda,33440.0
2019-04-01,vivienda_country,37903.0
2019-04-01,vivienda_en_altura,35969.0
2019-04-01,vivienda_industrializada,42622.0
2019-04-01,vivienda_tipo_duplex,36200.0
2019-04-01,vivienda_unifamiliar,43668.0
2019-08-01,edificios_de_oficina,44569.0
2019-08-01,galpon,23775.0
2019-08-01,ph_moderno,43783.0
2019-08-01,reforma_casa_chorizo,27332.0
2019-08-01,torre_de_vivienda,38709.0
2019-08-01,vivienda_country,43244.0
2019-08-01,vivienda_en_altura,41672.0
2019-08-01,vivienda_industrializada,48417.0
2019-08-01,vivienda_tipo_duplex,41268.0
2019-08-01,vivienda_unifamiliar,49591.0
2019-12-01,edificios_de_oficina,55777.0
2019-12-01,galpon,30433.0
2019-12-01,ph_moderno,55444.0
2019-12-01,reforma_casa_chorizo,34548.0
2019-12-01,torre_de_vivienda,48490.0
2019-12-01,vivienda_country,56099.0
2019-12-01,vivienda_en_altura,52820.0
2019-12-01,vivienda_industrializada,58745.0
2019-12-01,vivienda_tipo_duplex,52377.0
2019-12-01,vivienda_unifamiliar,61864.0
2019-07-01,edificios_de_oficina,40587.0
2019-07-01,galpon,21479.0
2019-07-01,ph_moderno,40648.0
2019-07-01,reforma_casa_chorizo,25163.0
2019-07-01,torre_de_vivienda,35257.0
2019-07-01,vivienda_country,40004.0
2019-07-01,vivienda_en_altura,38382.0
2019-07-01,vivienda_industrializada,44373.0
2019-07-01,vivienda_tipo_duplex,38102.0
2019-07-01,vivienda_unifamiliar,45986.0
2019-06-01,edificios_de_oficina,40116.0
2019-06-01,galpon,21151.0
2019-06-01,ph_moderno,40169.0
2019-06-01,reforma_casa_chorizo,24690.0
2019-06-01,torre_de_vivienda,34773.0
2019-06-01,vivienda_country,39437.0
2019-06-01,vivienda_en_altura,37853.0
2019-06-01,vivienda_industrializada,43862.0
2019-06-01,vivienda_tipo_duplex,37628.0
2019-06-01,vivienda_unifamiliar,45335.0
2019-05-01,edificios_de_oficina,39834.0
2019-05-01,galpon,20962.0
2019-05-01,ph_moderno,39640.0
2019-05-01,reforma_casa_chorizo,24346.0
2019-05-01,torre_de_vivienda,34308.0
2019-05-01,vivienda_country,38911.0
2019-05-01,vivienda_en_altura,36957.0
2019-05-01,vivienda_industrializada,43411.0
2019-05-01,vivienda_tipo_duplex,37152.0
2019-05-01,vivienda_unifamiliar,44822.0
2019-11-01,edificios_de_oficina,51618.0
2019-11-01,galpon,28351.0
2019-11-01,ph_moderno,50703.0
2019-11-01,reforma_casa_chorizo,31085.0
2019-11-01,torre_de_vivienda,44505.0
2019-11-01,vivienda_country,51009.0
2019-11-01,vivienda_en_altura,48418.0
2019-11-01,vivienda_industrializada,54259.0
2019-11-01,vivienda_tipo_duplex,48419.0
2019-11-01,vivienda_unifamiliar,57710.0
2019-10-01,edificios_de_oficina,50798.0
2019-10-01,galpon,27962.0
2019-10-01,ph_moderno,49975.0
2019-10-01,reforma_casa_chorizo,30603.0
2019-10-01,torre_de_vivienda,43935.0
2019-10-01,vivienda_country,50068.0
2019-10-01,vivienda_en_altura,47210.0
2019-10-01,vivienda_industrializada,53283.0
2019-10-01,vivienda_tipo_duplex,47189.0
2019-10-01,vivienda_unifamiliar,57227.0
2019-09-01,edificios_de_oficina,48753.0
2019-09-01,galpon,26221.0
2019-09-01,ph_moderno,48417.0
2019-09-01,reforma_casa_chorizo,29998.0
2019-09-01,torre_de_vivienda,41544.0
2019-09-01,vivienda_country,48272.0
2019-09-01,vivienda_en_altura,45753.0
2019-09-01,vivienda_industrializada,52235.0
2019-09-01,vivienda_tipo_duplex,43923.0
2019-09-01,vivienda_unifamiliar,55375.0
