ticker,units,open,tradedate,platform,currency
spy,18.71174,534.5506,2024-08-12,etoro,usd
spy,3.14712,635.5019,2025-07-24,etoro,usd
spy,6.80866,635.4318,2025-08-20,etoro,usd
spy,8.00425,667.2094,2025-09-22,etoro,usd
nvda,59.31393,109.73,2024-08-12,etoro,usd
nvda,4.4107,172.85,2025-07-24,etoro,usd
btc-usd,0.027356,92338.68,2024-11-16,etoro,usd
btc-usd,0.008694,113875.02,2025-08-20,etoro,usd
ypf,13.65622,36.6679,2024-11-20,etoro,usd
ypf,56.79097,43.8205,2024-12-19,etoro,usd
mu,0.36551,295.53,2025-12-30,etoro,usd
mu,3.77876,310.96,2026-01-05,etoro,usd
erna.l,246.402496,6.3760,2026-06-01,etoro,usd
erna.l,456.376584,6.3890,2026-07-09,etoro,usd
isf.l,630.457898,1058.6,2026-02-26,etoro,gbp
vuag.l,537,108.86,2026-07-02,moneyfarm,gbp
erna.l,8548,4.77,2026-06-08,ajbell,gbp
nvda,14,133.56,2024-06-14,ajbell,usd
cash,5001,1,2026-05-26,nsandi,gbp
cash,1250,1,2026-05-28,nsandi,gbp
cash,5000,1,2026-06-30,nsandi,gbp
cash,4000,1,2026-07-29,nsandi,gbp
cash,4000,1,2026-08-26,nsandi,gbp